state,age_group,population
Baden-Württemberg,A00-A04,108601
Bayern,A00-A04,127510
Berlin,A00-A04,39362
Brandenburg,A00-A04,20116
Bremen,A00-A04,6959
Hamburg,A00-A04,20610
Hessen,A00-A04,60791
Mecklenburg-Vorpommern,A00-A04,13020
Niedersachsen,A00-A04,73614
Nordrhein-Westfalen,A00-A04,172060
Rheinland-Pfalz,A00-A04,37522
Saarland,A00-A04,8133
Sachsen,A00-A04,35751
Sachsen-Anhalt,A00-A04,17259
Schleswig-Holstein,A00-A04,25260
Thüringen,A00-A04,17410
Baden-Württemberg,A00-A04,109322
Bayern,A00-A04,128495
Berlin,A00-A04,39548
Brandenburg,A00-A04,21600
Bremen,A00-A04,6838
Hamburg,A00-A04,20472
Hessen,A00-A04,61397
Mecklenburg-Vorpommern,A00-A04,13338
Niedersachsen,A00-A04,74824
Nordrhein-Westfalen,A00-A04,173986
Rheinland-Pfalz,A00-A04,38571
Saarland,A00-A04,8324
Sachsen,A00-A04,37307
Sachsen-Anhalt,A00-A04,18269
Schleswig-Holstein,A00-A04,25807
Thüringen,A00-A04,18276
Baden-Württemberg,A00-A04,109354
Bayern,A00-A04,127859
Berlin,A00-A04,39696
Brandenburg,A00-A04,22515
Bremen,A00-A04,6791
Hamburg,A00-A04,20445
Hessen,A00-A04,61948
Mecklenburg-Vorpommern,A00-A04,13770
Niedersachsen,A00-A04,75784
Nordrhein-Westfalen,A00-A04,175494
Rheinland-Pfalz,A00-A04,38779
Saarland,A00-A04,8343
Sachsen,A00-A04,38268
Sachsen-Anhalt,A00-A04,18597
Schleswig-Holstein,A00-A04,26219
Thüringen,A00-A04,18789
Baden-Württemberg,A00-A04,105856
Bayern,A00-A04,123344
Berlin,A00-A04,37560
Brandenburg,A00-A04,21929
Bremen,A00-A04,6614
Hamburg,A00-A04,19032
Hessen,A00-A04,59882
Mecklenburg-Vorpommern,A00-A04,14127
Niedersachsen,A00-A04,73037
Nordrhein-Westfalen,A00-A04,169193
Rheinland-Pfalz,A00-A04,37502
Saarland,A00-A04,8016
Sachsen,A00-A04,37905
Sachsen-Anhalt,A00-A04,18423
Schleswig-Holstein,A00-A04,25546
Thüringen,A00-A04,18797
Baden-Württemberg,A00-A04,103423
Bayern,A00-A04,120799
Berlin,A00-A04,36922
Brandenburg,A00-A04,22632
Bremen,A00-A04,6380
Hamburg,A00-A04,18516
Hessen,A00-A04,58435
Mecklenburg-Vorpommern,A00-A04,13889
Niedersachsen,A00-A04,73133
Nordrhein-Westfalen,A00-A04,166559
Rheinland-Pfalz,A00-A04,36961
Saarland,A00-A04,8049
Sachsen,A00-A04,37818
Sachsen-Anhalt,A00-A04,18598
Schleswig-Holstein,A00-A04,25522
Thüringen,A00-A04,18995
Baden-Württemberg,A05-A14,100253
Bayern,A05-A14,117677
Berlin,A05-A14,34902
Brandenburg,A05-A14,21807
Bremen,A05-A14,5987
Hamburg,A05-A14,17562
Hessen,A05-A14,56521
Mecklenburg-Vorpommern,A05-A14,13726
Niedersachsen,A05-A14,70116
Nordrhein-Westfalen,A05-A14,159524
Rheinland-Pfalz,A05-A14,35581
Saarland,A05-A14,7544
Sachsen,A05-A14,36810
Sachsen-Anhalt,A05-A14,18180
Schleswig-Holstein,A05-A14,24845
Thüringen,A05-A14,18694
Baden-Württemberg,A05-A14,98794
Bayern,A05-A14,116369
Berlin,A05-A14,34535
Brandenburg,A05-A14,22563
Bremen,A05-A14,5844
Hamburg,A05-A14,17005
Hessen,A05-A14,56219
Mecklenburg-Vorpommern,A05-A14,13836
Niedersachsen,A05-A14,69824
Nordrhein-Westfalen,A05-A14,159783
Rheinland-Pfalz,A05-A14,35103
Saarland,A05-A14,7719
Sachsen,A05-A14,36994
Sachsen-Anhalt,A05-A14,18280
Schleswig-Holstein,A05-A14,25287
Thüringen,A05-A14,18594
Baden-Württemberg,A05-A14,97261
Bayern,A05-A14,112332
Berlin,A05-A14,32599
Brandenburg,A05-A14,22284
Bremen,A05-A14,5519
Hamburg,A05-A14,16014
Hessen,A05-A14,55988
Mecklenburg-Vorpommern,A05-A14,13781
Niedersachsen,A05-A14,68801
Nordrhein-Westfalen,A05-A14,156118
Rheinland-Pfalz,A05-A14,34912
Saarland,A05-A14,7865
Sachsen,A05-A14,36303
Sachsen-Anhalt,A05-A14,17940
Schleswig-Holstein,A05-A14,24628
Thüringen,A05-A14,18268
Baden-Württemberg,A05-A14,100040
Bayern,A05-A14,114013
Berlin,A05-A14,32945
Brandenburg,A05-A14,23060
Bremen,A05-A14,5833
Hamburg,A05-A14,16252
Hessen,A05-A14,56968
Mecklenburg-Vorpommern,A05-A14,14357
Niedersachsen,A05-A14,71287
Nordrhein-Westfalen,A05-A14,160537
Rheinland-Pfalz,A05-A14,35515
Saarland,A05-A14,7871
Sachsen,A05-A14,36750
Sachsen-Anhalt,A05-A14,18334
Schleswig-Holstein,A05-A14,25784
Thüringen,A05-A14,18692
Baden-Württemberg,A05-A14,99098
Bayern,A05-A14,112506
Berlin,A05-A14,32423
Brandenburg,A05-A14,22352
Bremen,A05-A14,5881
Hamburg,A05-A14,15986
Hessen,A05-A14,56135
Mecklenburg-Vorpommern,A05-A14,14035
Niedersachsen,A05-A14,70564
Nordrhein-Westfalen,A05-A14,158434
Rheinland-Pfalz,A05-A14,34776
Saarland,A05-A14,7776
Sachsen,A05-A14,35709
Sachsen-Anhalt,A05-A14,18016
Schleswig-Holstein,A05-A14,25362
Thüringen,A05-A14,17856
Baden-Württemberg,A05-A14,101705
Bayern,A05-A14,115677
Berlin,A05-A14,32275
Brandenburg,A05-A14,22939
Bremen,A05-A14,5868
Hamburg,A05-A14,16289
Hessen,A05-A14,57395
Mecklenburg-Vorpommern,A05-A14,14136
Niedersachsen,A05-A14,72704
Nordrhein-Westfalen,A05-A14,163993
Rheinland-Pfalz,A05-A14,36148
Saarland,A05-A14,8073
Sachsen,A05-A14,36046
Sachsen-Anhalt,A05-A14,18582
Schleswig-Holstein,A05-A14,26181
Thüringen,A05-A14,18334
Baden-Württemberg,A05-A14,102098
Bayern,A05-A14,115546
Berlin,A05-A14,31268
Brandenburg,A05-A14,22347
Bremen,A05-A14,6075
Hamburg,A05-A14,15896
Hessen,A05-A14,57362
Mecklenburg-Vorpommern,A05-A14,13550
Niedersachsen,A05-A14,72912
Nordrhein-Westfalen,A05-A14,163281
Rheinland-Pfalz,A05-A14,35971
Saarland,A05-A14,7913
Sachsen,A05-A14,35027
Sachsen-Anhalt,A05-A14,17938
Schleswig-Holstein,A05-A14,26433
Thüringen,A05-A14,17913
Baden-Württemberg,A05-A14,100922
Bayern,A05-A14,113410
Berlin,A05-A14,29865
Brandenburg,A05-A14,21303
Bremen,A05-A14,5896
Hamburg,A05-A14,15617
Hessen,A05-A14,56187
Mecklenburg-Vorpommern,A05-A14,13161
Niedersachsen,A05-A14,72262
Nordrhein-Westfalen,A05-A14,161788
Rheinland-Pfalz,A05-A14,35155
Saarland,A05-A14,7874
Sachsen,A05-A14,33372
Sachsen-Anhalt,A05-A14,17199
Schleswig-Holstein,A05-A14,26025
Thüringen,A05-A14,16887
Baden-Württemberg,A05-A14,102994
Bayern,A05-A14,115364
Berlin,A05-A14,29073
Brandenburg,A05-A14,21014
Bremen,A05-A14,5793
Hamburg,A05-A14,15553
Hessen,A05-A14,57303
Mecklenburg-Vorpommern,A05-A14,12812
Niedersachsen,A05-A14,73784
Nordrhein-Westfalen,A05-A14,164099
Rheinland-Pfalz,A05-A14,35862
Saarland,A05-A14,8128
Sachsen,A05-A14,33380
Sachsen-Anhalt,A05-A14,17366
Schleswig-Holstein,A05-A14,26138
Thüringen,A05-A14,17097
Baden-Württemberg,A05-A14,105044
Bayern,A05-A14,118206
Berlin,A05-A14,29195
Brandenburg,A05-A14,21249
Bremen,A05-A14,5799
Hamburg,A05-A14,15374
Hessen,A05-A14,58117
Mecklenburg-Vorpommern,A05-A14,13347
Niedersachsen,A05-A14,76462
Nordrhein-Westfalen,A05-A14,167908
Rheinland-Pfalz,A05-A14,36710
Saarland,A05-A14,8247
Sachsen,A05-A14,33723
Sachsen-Anhalt,A05-A14,17298
Schleswig-Holstein,A05-A14,27290
Thüringen,A05-A14,17653
Baden-Württemberg,A15-A34,105404
Bayern,A15-A34,119434
Berlin,A15-A34,28031
Brandenburg,A15-A34,21188
Bremen,A15-A34,5869
Hamburg,A15-A34,15158
Hessen,A15-A34,57812
Mecklenburg-Vorpommern,A15-A34,13104
Niedersachsen,A15-A34,76986
Nordrhein-Westfalen,A15-A34,169590
Rheinland-Pfalz,A15-A34,37362
Saarland,A15-A34,8244
Sachsen,A15-A34,32636
Sachsen-Anhalt,A15-A34,16800
Schleswig-Holstein,A15-A34,27533
Thüringen,A15-A34,17200
Baden-Württemberg,A15-A34,107700
Bayern,A15-A34,121664
Berlin,A15-A34,28264
Brandenburg,A15-A34,20917
Bremen,A15-A34,5789
Hamburg,A15-A34,15103
Hessen,A15-A34,58808
Mecklenburg-Vorpommern,A15-A34,12850
Niedersachsen,A15-A34,79761
Nordrhein-Westfalen,A15-A34,173857
Rheinland-Pfalz,A15-A34,38170
Saarland,A15-A34,8573
Sachsen,A15-A34,32185
Sachsen-Anhalt,A15-A34,17386
Schleswig-Holstein,A15-A34,28280
Thüringen,A15-A34,17210
Baden-Württemberg,A15-A34,110373
Bayern,A15-A34,125255
Berlin,A15-A34,28510
Brandenburg,A15-A34,20761
Bremen,A15-A34,6330
Hamburg,A15-A34,15578
Hessen,A15-A34,60397
Mecklenburg-Vorpommern,A15-A34,13184
Niedersachsen,A15-A34,82964
Nordrhein-Westfalen,A15-A34,179092
Rheinland-Pfalz,A15-A34,39566
Saarland,A15-A34,8944
Sachsen,A15-A34,32339
Sachsen-Anhalt,A15-A34,17587
Schleswig-Holstein,A15-A34,29223
Thüringen,A15-A34,17642
Baden-Württemberg,A15-A34,118441
Bayern,A15-A34,132890
Berlin,A15-A34,30466
Brandenburg,A15-A34,21363
Bremen,A15-A34,6886
Hamburg,A15-A34,16784
Hessen,A15-A34,64041
Mecklenburg-Vorpommern,A15-A34,13721
Niedersachsen,A15-A34,87772
Nordrhein-Westfalen,A15-A34,189556
Rheinland-Pfalz,A15-A34,42558
Saarland,A15-A34,9476
Sachsen,A15-A34,34491
Sachsen-Anhalt,A15-A34,18286
Schleswig-Holstein,A15-A34,31304
Thüringen,A15-A34,17727
Baden-Württemberg,A15-A34,124459
Bayern,A15-A34,140087
Berlin,A15-A34,32155
Brandenburg,A15-A34,20182
Bremen,A15-A34,7832
Hamburg,A15-A34,17750
Hessen,A15-A34,66262
Mecklenburg-Vorpommern,A15-A34,13171
Niedersachsen,A15-A34,89138
Nordrhein-Westfalen,A15-A34,194394
Rheinland-Pfalz,A15-A34,43694
Saarland,A15-A34,9828
Sachsen,A15-A34,34484
Sachsen-Anhalt,A15-A34,18091
Schleswig-Holstein,A15-A34,32115
Thüringen,A15-A34,17460
Baden-Württemberg,A15-A34,130032
Bayern,A15-A34,148298
Berlin,A15-A34,34738
Brandenburg,A15-A34,19184
Bremen,A15-A34,8621
Hamburg,A15-A34,19462
Hessen,A15-A34,69883
Mecklenburg-Vorpommern,A15-A34,12893
Niedersachsen,A15-A34,91220
Nordrhein-Westfalen,A15-A34,201907
Rheinland-Pfalz,A15-A34,44901
Saarland,A15-A34,9981
Sachsen,A15-A34,33841
Sachsen-Anhalt,A15-A34,17730
Schleswig-Holstein,A15-A34,31512
Thüringen,A15-A34,17456
Baden-Württemberg,A15-A34,136509
Bayern,A15-A34,155092
Berlin,A15-A34,38011
Brandenburg,A15-A34,18345
Bremen,A15-A34,8930
Hamburg,A15-A34,21876
Hessen,A15-A34,74857
Mecklenburg-Vorpommern,A15-A34,13068
Niedersachsen,A15-A34,94628
Nordrhein-Westfalen,A15-A34,212974
Rheinland-Pfalz,A15-A34,47332
Saarland,A15-A34,10617
Sachsen,A15-A34,34098
Sachsen-Anhalt,A15-A34,18030
Schleswig-Holstein,A15-A34,32391
Thüringen,A15-A34,17760
Baden-Württemberg,A15-A34,136382
Bayern,A15-A34,154949
Berlin,A15-A34,40163
Brandenburg,A15-A34,17342
Bremen,A15-A34,9034
Hamburg,A15-A34,22706
Hessen,A15-A34,74012
Mecklenburg-Vorpommern,A15-A34,12426
Niedersachsen,A15-A34,93141
Nordrhein-Westfalen,A15-A34,212930
Rheinland-Pfalz,A15-A34,46670
Saarland,A15-A34,10704
Sachsen,A15-A34,33218
Sachsen-Anhalt,A15-A34,17229
Schleswig-Holstein,A15-A34,31838
Thüringen,A15-A34,16779
Baden-Württemberg,A15-A34,135824
Bayern,A15-A34,154642
Berlin,A15-A34,42031
Brandenburg,A15-A34,15684
Bremen,A15-A34,9073
Hamburg,A15-A34,23395
Hessen,A15-A34,73250
Mecklenburg-Vorpommern,A15-A34,11258
Niedersachsen,A15-A34,91200
Nordrhein-Westfalen,A15-A34,210221
Rheinland-Pfalz,A15-A34,45609
Saarland,A15-A34,10568
Sachsen,A15-A34,31508
Sachsen-Anhalt,A15-A34,16172
Schleswig-Holstein,A15-A34,30618
Thüringen,A15-A34,15871
Baden-Württemberg,A15-A34,138191
Bayern,A15-A34,157936
Berlin,A15-A34,45109
Brandenburg,A15-A34,15026
Bremen,A15-A34,9224
Hamburg,A15-A34,25047
Hessen,A15-A34,74846
Mecklenburg-Vorpommern,A15-A34,10702
Niedersachsen,A15-A34,92039
Nordrhein-Westfalen,A15-A34,215656
Rheinland-Pfalz,A15-A34,47039
Saarland,A15-A34,10989
Sachsen,A15-A34,30988
Sachsen-Anhalt,A15-A34,15643
Schleswig-Holstein,A15-A34,31284
Thüringen,A15-A34,14929
Baden-Württemberg,A15-A34,142652
Bayern,A15-A34,165832
Berlin,A15-A34,48371
Brandenburg,A15-A34,14818
Bremen,A15-A34,9669
Hamburg,A15-A34,26508
Hessen,A15-A34,76878
Mecklenburg-Vorpommern,A15-A34,10920
Niedersachsen,A15-A34,94218
Nordrhein-Westfalen,A15-A34,222900
Rheinland-Pfalz,A15-A34,48660
Saarland,A15-A34,11366
Sachsen,A15-A34,31649
Sachsen-Anhalt,A15-A34,15683
Schleswig-Holstein,A15-A34,31601
Thüringen,A15-A34,15367
Baden-Württemberg,A15-A34,143919
Bayern,A15-A34,169147
Berlin,A15-A34,51441
Brandenburg,A15-A34,15904
Bremen,A15-A34,9733
Hamburg,A15-A34,27671
Hessen,A15-A34,77562
Mecklenburg-Vorpommern,A15-A34,12001
Niedersachsen,A15-A34,93937
Nordrhein-Westfalen,A15-A34,225588
Rheinland-Pfalz,A15-A34,49368
Saarland,A15-A34,11694
Sachsen,A15-A34,32841
Sachsen-Anhalt,A15-A34,16594
Schleswig-Holstein,A15-A34,31834
Thüringen,A15-A34,16130
Baden-Württemberg,A15-A34,147778
Bayern,A15-A34,173224
Berlin,A15-A34,55822
Brandenburg,A15-A34,17995
Bremen,A15-A34,10026
Hamburg,A15-A34,29732
Hessen,A15-A34,80352
Mecklenburg-Vorpommern,A15-A34,13387
Niedersachsen,A15-A34,94999
Nordrhein-Westfalen,A15-A34,230244
Rheinland-Pfalz,A15-A34,50297
Saarland,A15-A34,11939
Sachsen,A15-A34,37477
Sachsen-Anhalt,A15-A34,18262
Schleswig-Holstein,A15-A34,32408
Thüringen,A15-A34,17977
Baden-Württemberg,A15-A34,154891
Bayern,A15-A34,182175
Berlin,A15-A34,65611
Brandenburg,A15-A34,26435
Bremen,A15-A34,10403
Hamburg,A15-A34,32191
Hessen,A15-A34,84719
Mecklenburg-Vorpommern,A15-A34,19521
Niedersachsen,A15-A34,99236
Nordrhein-Westfalen,A15-A34,238914
Rheinland-Pfalz,A15-A34,52011
Saarland,A15-A34,12342
Sachsen,A15-A34,52644
Sachsen-Anhalt,A15-A34,25961
Schleswig-Holstein,A15-A34,34173
Thüringen,A15-A34,25232
Baden-Württemberg,A15-A34,151363
Bayern,A15-A34,177662
Berlin,A15-A34,67210
Brandenburg,A15-A34,28286
Bremen,A15-A34,10272
Hamburg,A15-A34,31910
Hessen,A15-A34,83848
Mecklenburg-Vorpommern,A15-A34,20404
Niedersachsen,A15-A34,96921
Nordrhein-Westfalen,A15-A34,231813
Rheinland-Pfalz,A15-A34,50854
Saarland,A15-A34,12016
Sachsen,A15-A34,54219
Sachsen-Anhalt,A15-A34,26710
Schleswig-Holstein,A15-A34,33227
Thüringen,A15-A34,25786
Baden-Württemberg,A15-A34,154011
Bayern,A15-A34,181510
Berlin,A15-A34,68546
Brandenburg,A15-A34,29800
Bremen,A15-A34,10447
Hamburg,A15-A34,32677
Hessen,A15-A34,84688
Mecklenburg-Vorpommern,A15-A34,21318
Niedersachsen,A15-A34,99247
Nordrhein-Westfalen,A15-A34,235830
Rheinland-Pfalz,A15-A34,52017
Saarland,A15-A34,12275
Sachsen,A15-A34,55620
Sachsen-Anhalt,A15-A34,27827
Schleswig-Holstein,A15-A34,34201
Thüringen,A15-A34,27575
Baden-Württemberg,A15-A34,148348
Bayern,A15-A34,176362
Berlin,A15-A34,67507
Brandenburg,A15-A34,30769
Bremen,A15-A34,9954
Hamburg,A15-A34,31550
Hessen,A15-A34,82244
Mecklenburg-Vorpommern,A15-A34,21697
Niedersachsen,A15-A34,96918
Nordrhein-Westfalen,A15-A34,230150
Rheinland-Pfalz,A15-A34,50544
Saarland,A15-A34,12143
Sachsen,A15-A34,56467
Sachsen-Anhalt,A15-A34,27681
Schleswig-Holstein,A15-A34,33536
Thüringen,A15-A34,27765
Baden-Württemberg,A15-A34,147104
Bayern,A15-A34,174933
Berlin,A15-A34,65339
Brandenburg,A15-A34,30358
Bremen,A15-A34,9658
Hamburg,A15-A34,30789
Hessen,A15-A34,80961
Mecklenburg-Vorpommern,A15-A34,20979
Niedersachsen,A15-A34,95178
Nordrhein-Westfalen,A15-A34,226067
Rheinland-Pfalz,A15-A34,49849
Saarland,A15-A34,11981
Sachsen,A15-A34,54002
Sachsen-Anhalt,A15-A34,26857
Schleswig-Holstein,A15-A34,32667
Thüringen,A15-A34,26935
Baden-Württemberg,A15-A34,142162
Bayern,A15-A34,168140
Berlin,A15-A34,63536
Brandenburg,A15-A34,31079
Bremen,A15-A34,9256
Hamburg,A15-A34,29664
Hessen,A15-A34,78084
Mecklenburg-Vorpommern,A15-A34,20730
Niedersachsen,A15-A34,91840
Nordrhein-Westfalen,A15-A34,217559
Rheinland-Pfalz,A15-A34,47916
Saarland,A15-A34,11345
Sachsen,A15-A34,54274
Sachsen-Anhalt,A15-A34,26653
Schleswig-Holstein,A15-A34,31826
Thüringen,A15-A34,26729
Baden-Württemberg,A15-A34,141312
Bayern,A15-A34,167927
Berlin,A15-A34,61231
Brandenburg,A15-A34,30708
Bremen,A15-A34,8923
Hamburg,A15-A34,29295
Hessen,A15-A34,78988
Mecklenburg-Vorpommern,A15-A34,20338
Niedersachsen,A15-A34,90736
Nordrhein-Westfalen,A15-A34,216359
Rheinland-Pfalz,A15-A34,47945
Saarland,A15-A34,11269
Sachsen,A15-A34,53084
Sachsen-Anhalt,A15-A34,26717
Schleswig-Holstein,A15-A34,31788
Thüringen,A15-A34,26735
Baden-Württemberg,A35-A59,140280
Bayern,A35-A59,168848
Berlin,A35-A59,59901
Brandenburg,A35-A59,31188
Bremen,A35-A59,9130
Hamburg,A35-A59,28798
Hessen,A35-A59,78416
Mecklenburg-Vorpommern,A35-A59,20452
Niedersachsen,A35-A59,91891
Nordrhein-Westfalen,A35-A59,217012
Rheinland-Pfalz,A35-A59,48156
Saarland,A35-A59,11398
Sachsen,A35-A59,53396
Sachsen-Anhalt,A35-A59,26908
Schleswig-Holstein,A35-A59,32436
Thüringen,A35-A59,26974
Baden-Württemberg,A35-A59,143417
Bayern,A35-A59,173073
Berlin,A35-A59,59415
Brandenburg,A35-A59,31868
Bremen,A35-A59,9223
Hamburg,A35-A59,28834
Hessen,A35-A59,80893
Mecklenburg-Vorpommern,A35-A59,20784
Niedersachsen,A35-A59,93566
Nordrhein-Westfalen,A35-A59,221888
Rheinland-Pfalz,A35-A59,49580
Saarland,A35-A59,11624
Sachsen,A35-A59,53834
Sachsen-Anhalt,A35-A59,26580
Schleswig-Holstein,A35-A59,33553
Thüringen,A35-A59,27543
Baden-Württemberg,A35-A59,142471
Bayern,A35-A59,172216
Berlin,A35-A59,57849
Brandenburg,A35-A59,31684
Bremen,A35-A59,8713
Hamburg,A35-A59,28724
Hessen,A35-A59,80730
Mecklenburg-Vorpommern,A35-A59,20096
Niedersachsen,A35-A59,93844
Nordrhein-Westfalen,A35-A59,219990
Rheinland-Pfalz,A35-A59,49684
Saarland,A35-A59,11554
Sachsen,A35-A59,52217
Sachsen-Anhalt,A35-A59,26348
Schleswig-Holstein,A35-A59,33635
Thüringen,A35-A59,26761
Baden-Württemberg,A35-A59,143250
Bayern,A35-A59,170998
Berlin,A35-A59,56415
Brandenburg,A35-A59,32917
Bremen,A35-A59,8637
Hamburg,A35-A59,28391
Hessen,A35-A59,81341
Mecklenburg-Vorpommern,A35-A59,20537
Niedersachsen,A35-A59,94595
Nordrhein-Westfalen,A35-A59,220983
Rheinland-Pfalz,A35-A59,48830
Saarland,A35-A59,11564
Sachsen,A35-A59,53441
Sachsen-Anhalt,A35-A59,26924
Schleswig-Holstein,A35-A59,34503
Thüringen,A35-A59,27443
Baden-Württemberg,A35-A59,134796
Bayern,A35-A59,163919
Berlin,A35-A59,52114
Brandenburg,A35-A59,31687
Bremen,A35-A59,8196
Hamburg,A35-A59,26497
Hessen,A35-A59,78125
Mecklenburg-Vorpommern,A35-A59,20048
Niedersachsen,A35-A59,90429
Nordrhein-Westfalen,A35-A59,209483
Rheinland-Pfalz,A35-A59,47003
Saarland,A35-A59,10988
Sachsen,A35-A59,51217
Sachsen-Anhalt,A35-A59,25757
Schleswig-Holstein,A35-A59,32785
Thüringen,A35-A59,26228
Baden-Württemberg,A35-A59,131700
Bayern,A35-A59,161228
Berlin,A35-A59,49817
Brandenburg,A35-A59,31801
Bremen,A35-A59,8039
Hamburg,A35-A59,25787
Hessen,A35-A59,77243
Mecklenburg-Vorpommern,A35-A59,19878
Niedersachsen,A35-A59,90260
Nordrhein-Westfalen,A35-A59,207061
Rheinland-Pfalz,A35-A59,46355
Saarland,A35-A59,10608
Sachsen,A35-A59,51254
Sachsen-Anhalt,A35-A59,25633
Schleswig-Holstein,A35-A59,33015
Thüringen,A35-A59,25391
Baden-Württemberg,A35-A59,131053
Bayern,A35-A59,160397
Berlin,A35-A59,48337
Brandenburg,A35-A59,30644
Bremen,A35-A59,7981
Hamburg,A35-A59,25216
Hessen,A35-A59,76365
Mecklenburg-Vorpommern,A35-A59,19244
Niedersachsen,A35-A59,89660
Nordrhein-Westfalen,A35-A59,207496
Rheinland-Pfalz,A35-A59,46006
Saarland,A35-A59,10774
Sachsen,A35-A59,50036
Sachsen-Anhalt,A35-A59,24642
Schleswig-Holstein,A35-A59,32806
Thüringen,A35-A59,24984
Baden-Württemberg,A35-A59,131399
Bayern,A35-A59,158870
Berlin,A35-A59,45986
Brandenburg,A35-A59,28084
Bremen,A35-A59,8041
Hamburg,A35-A59,24899
Hessen,A35-A59,76288
Mecklenburg-Vorpommern,A35-A59,16850
Niedersachsen,A35-A59,90005
Nordrhein-Westfalen,A35-A59,208128
Rheinland-Pfalz,A35-A59,45473
Saarland,A35-A59,10322
Sachsen,A35-A59,44631
Sachsen-Anhalt,A35-A59,22045
Schleswig-Holstein,A35-A59,33060
Thüringen,A35-A59,22432
Baden-Württemberg,A35-A59,129090
Bayern,A35-A59,155933
Berlin,A35-A59,43920
Brandenburg,A35-A59,26750
Bremen,A35-A59,7898
Hamburg,A35-A59,23627
Hessen,A35-A59,74503
Mecklenburg-Vorpommern,A35-A59,15944
Niedersachsen,A35-A59,88061
Nordrhein-Westfalen,A35-A59,203219
Rheinland-Pfalz,A35-A59,44802
Saarland,A35-A59,10096
Sachsen,A35-A59,42544
Sachsen-Anhalt,A35-A59,21096
Schleswig-Holstein,A35-A59,32419
Thüringen,A35-A59,21531
Baden-Württemberg,A35-A59,131981
Bayern,A35-A59,158397
Berlin,A35-A59,42822
Brandenburg,A35-A59,26193
Bremen,A35-A59,7766
Hamburg,A35-A59,23676
Hessen,A35-A59,75721
Mecklenburg-Vorpommern,A35-A59,15665
Niedersachsen,A35-A59,90898
Nordrhein-Westfalen,A35-A59,205938
Rheinland-Pfalz,A35-A59,45262
Saarland,A35-A59,10321
Sachsen,A35-A59,42035
Sachsen-Anhalt,A35-A59,21672
Schleswig-Holstein,A35-A59,32497
Thüringen,A35-A59,22237
Baden-Württemberg,A35-A59,131215
Bayern,A35-A59,157637
Berlin,A35-A59,41447
Brandenburg,A35-A59,26804
Bremen,A35-A59,7823
Hamburg,A35-A59,22977
Hessen,A35-A59,75998
Mecklenburg-Vorpommern,A35-A59,16145
Niedersachsen,A35-A59,92782
Nordrhein-Westfalen,A35-A59,208534
Rheinland-Pfalz,A35-A59,46249
Saarland,A35-A59,10361
Sachsen,A35-A59,42473
Sachsen-Anhalt,A35-A59,22556
Schleswig-Holstein,A35-A59,33609
Thüringen,A35-A59,23058
Baden-Württemberg,A35-A59,141688
Bayern,A35-A59,169862
Berlin,A35-A59,42928
Brandenburg,A35-A59,29715
Bremen,A35-A59,8282
Hamburg,A35-A59,23944
Hessen,A35-A59,81122
Mecklenburg-Vorpommern,A35-A59,17630
Niedersachsen,A35-A59,101276
Nordrhein-Westfalen,A35-A59,225183
Rheinland-Pfalz,A35-A59,50327
Saarland,A35-A59,11449
Sachsen,A35-A59,46459
Sachsen-Anhalt,A35-A59,25957
Schleswig-Holstein,A35-A59,36492
Thüringen,A35-A59,25955
Baden-Württemberg,A35-A59,152167
Bayern,A35-A59,183435
Berlin,A35-A59,47153
Brandenburg,A35-A59,34866
Bremen,A35-A59,8871
Hamburg,A35-A59,25307
Hessen,A35-A59,87543
Mecklenburg-Vorpommern,A35-A59,20375
Niedersachsen,A35-A59,111334
Nordrhein-Westfalen,A35-A59,246204
Rheinland-Pfalz,A35-A59,55034
Saarland,A35-A59,12688
Sachsen,A35-A59,54176
Sachsen-Anhalt,A35-A59,30730
Schleswig-Holstein,A35-A59,40969
Thüringen,A35-A59,29167
Baden-Württemberg,A35-A59,158051
Bayern,A35-A59,190209
Berlin,A35-A59,47689
Brandenburg,A35-A59,35454
Bremen,A35-A59,9167
Hamburg,A35-A59,25957
Hessen,A35-A59,91445
Mecklenburg-Vorpommern,A35-A59,20835
Niedersachsen,A35-A59,116570
Nordrhein-Westfalen,A35-A59,256970
Rheinland-Pfalz,A35-A59,57628
Saarland,A35-A59,13081
Sachsen,A35-A59,54123
Sachsen-Anhalt,A35-A59,31044
Schleswig-Holstein,A35-A59,42764
Thüringen,A35-A59,29751
Baden-Württemberg,A35-A59,169125
Bayern,A35-A59,205237
Berlin,A35-A59,49738
Brandenburg,A35-A59,36893
Bremen,A35-A59,9812
Hamburg,A35-A59,26897
Hessen,A35-A59,97853
Mecklenburg-Vorpommern,A35-A59,21637
Niedersachsen,A35-A59,126373
Nordrhein-Westfalen,A35-A59,281148
Rheinland-Pfalz,A35-A59,62433
Saarland,A35-A59,14628
Sachsen,A35-A59,54532
Sachsen-Anhalt,A35-A59,32070
Schleswig-Holstein,A35-A59,47414
Thüringen,A35-A59,30035
Baden-Württemberg,A35-A59,176625
Bayern,A35-A59,213462
Berlin,A35-A59,52091
Brandenburg,A35-A59,38951
Bremen,A35-A59,10408
Hamburg,A35-A59,28792
Hessen,A35-A59,102432
Mecklenburg-Vorpommern,A35-A59,23089
Niedersachsen,A35-A59,132662
Nordrhein-Westfalen,A35-A59,293980
Rheinland-Pfalz,A35-A59,66126
Saarland,A35-A59,15680
Sachsen,A35-A59,55481
Sachsen-Anhalt,A35-A59,32912
Schleswig-Holstein,A35-A59,50451
Thüringen,A35-A59,30555
Baden-Württemberg,A35-A59,180097
Bayern,A35-A59,218230
Berlin,A35-A59,52335
Brandenburg,A35-A59,41181
Bremen,A35-A59,10435
Hamburg,A35-A59,28967
Hessen,A35-A59,103987
Mecklenburg-Vorpommern,A35-A59,24173
Niedersachsen,A35-A59,136620
Nordrhein-Westfalen,A35-A59,300642
Rheinland-Pfalz,A35-A59,67787
Saarland,A35-A59,16222
Sachsen,A35-A59,57302
Sachsen-Anhalt,A35-A59,34391
Schleswig-Holstein,A35-A59,52203
Thüringen,A35-A59,31648
Baden-Württemberg,A35-A59,183628
Bayern,A35-A59,219356
Berlin,A35-A59,54372
Brandenburg,A35-A59,44107
Bremen,A35-A59,10755
Hamburg,A35-A59,29133
Hessen,A35-A59,105829
Mecklenburg-Vorpommern,A35-A59,26136
Niedersachsen,A35-A59,138967
Nordrhein-Westfalen,A35-A59,307294
Rheinland-Pfalz,A35-A59,70445
Saarland,A35-A59,16887
Sachsen,A35-A59,60669
Sachsen-Anhalt,A35-A59,35795
Schleswig-Holstein,A35-A59,52492
Thüringen,A35-A59,33901
Baden-Württemberg,A35-A59,182531
Bayern,A35-A59,217447
Berlin,A35-A59,55949
Brandenburg,A35-A59,45998
Bremen,A35-A59,10776
Hamburg,A35-A59,28069
Hessen,A35-A59,105907
Mecklenburg-Vorpommern,A35-A59,27729
Niedersachsen,A35-A59,137422
Nordrhein-Westfalen,A35-A59,305331
Rheinland-Pfalz,A35-A59,70388
Saarland,A35-A59,17195
Sachsen,A35-A59,63061
Sachsen-Anhalt,A35-A59,37448
Schleswig-Holstein,A35-A59,51553
Thüringen,A35-A59,34990
Baden-Württemberg,A35-A59,184809
Bayern,A35-A59,220509
Berlin,A35-A59,56679
Brandenburg,A35-A59,47828
Bremen,A35-A59,10682
Hamburg,A35-A59,28433
Hessen,A35-A59,106346
Mecklenburg-Vorpommern,A35-A59,29125
Niedersachsen,A35-A59,138093
Nordrhein-Westfalen,A35-A59,308851
Rheinland-Pfalz,A35-A59,71911
Saarland,A35-A59,17703
Sachsen,A35-A59,65588
Sachsen-Anhalt,A35-A59,39032
Schleswig-Holstein,A35-A59,52016
Thüringen,A35-A59,36866
Baden-Württemberg,A35-A59,182152
Bayern,A35-A59,216924
Berlin,A35-A59,56330
Brandenburg,A35-A59,49290
Bremen,A35-A59,10395
Hamburg,A35-A59,27107
Hessen,A35-A59,104166
Mecklenburg-Vorpommern,A35-A59,30312
Niedersachsen,A35-A59,135904
Nordrhein-Westfalen,A35-A59,302487
Rheinland-Pfalz,A35-A59,71727
Saarland,A35-A59,17725
Sachsen,A35-A59,66372
Sachsen-Anhalt,A35-A59,40327
Schleswig-Holstein,A35-A59,50428
Thüringen,A35-A59,37720
Baden-Württemberg,A35-A59,175798
Bayern,A35-A59,209599
Berlin,A35-A59,53412
Brandenburg,A35-A59,48870
Bremen,A35-A59,10194
Hamburg,A35-A59,25267
Hessen,A35-A59,99743
Mecklenburg-Vorpommern,A35-A59,30218
Niedersachsen,A35-A59,131055
Nordrhein-Westfalen,A35-A59,289619
Rheinland-Pfalz,A35-A59,69857
Saarland,A35-A59,17590
Sachsen,A35-A59,65244
Sachsen-Anhalt,A35-A59,39846
Schleswig-Holstein,A35-A59,47964
Thüringen,A35-A59,37313
Baden-Württemberg,A35-A59,172161
Bayern,A35-A59,206012
Berlin,A35-A59,50593
Brandenburg,A35-A59,48120
Bremen,A35-A59,9691
Hamburg,A35-A59,24105
Hessen,A35-A59,96932
Mecklenburg-Vorpommern,A35-A59,30541
Niedersachsen,A35-A59,129446
Nordrhein-Westfalen,A35-A59,283333
Rheinland-Pfalz,A35-A59,69344
Saarland,A35-A59,17751
Sachsen,A35-A59,65098
Sachsen-Anhalt,A35-A59,39726
Schleswig-Holstein,A35-A59,46717
Thüringen,A35-A59,38367
Baden-Württemberg,A35-A59,166593
Bayern,A35-A59,197108
Berlin,A35-A59,48210
Brandenburg,A35-A59,46124
Bremen,A35-A59,9452
Hamburg,A35-A59,23302
Hessen,A35-A59,93451
Mecklenburg-Vorpommern,A35-A59,29803
Niedersachsen,A35-A59,123401
Nordrhein-Westfalen,A35-A59,276372
Rheinland-Pfalz,A35-A59,66917
Saarland,A35-A59,17087
Sachsen,A35-A59,62401
Sachsen-Anhalt,A35-A59,38531
Schleswig-Holstein,A35-A59,44438
Thüringen,A35-A59,36505
Baden-Württemberg,A35-A59,159400
Bayern,A35-A59,190063
Berlin,A35-A59,46175
Brandenburg,A35-A59,44963
Bremen,A35-A59,9156
Hamburg,A35-A59,22024
Hessen,A35-A59,90234
Mecklenburg-Vorpommern,A35-A59,28994
Niedersachsen,A35-A59,119525
Nordrhein-Westfalen,A35-A59,268403
Rheinland-Pfalz,A35-A59,64496
Saarland,A35-A59,17258
Sachsen,A35-A59,61812
Sachsen-Anhalt,A35-A59,37633
Schleswig-Holstein,A35-A59,43046
Thüringen,A35-A59,36449
Baden-Württemberg,A60-A79,150890
Bayern,A60-A79,180050
Berlin,A60-A79,42287
Brandenburg,A60-A79,41145
Bremen,A60-A79,8769
Hamburg,A60-A79,20929
Hessen,A60-A79,85246
Mecklenburg-Vorpommern,A60-A79,27306
Niedersachsen,A60-A79,112284
Nordrhein-Westfalen,A60-A79,253777
Rheinland-Pfalz,A60-A79,60996
Saarland,A60-A79,16551
Sachsen,A60-A79,57004
Sachsen-Anhalt,A60-A79,35217
Schleswig-Holstein,A60-A79,40379
Thüringen,A60-A79,33812
Baden-Württemberg,A60-A79,145862
Bayern,A60-A79,173799
Berlin,A60-A79,40421
Brandenburg,A60-A79,40002
Bremen,A60-A79,8765
Hamburg,A60-A79,19864
Hessen,A60-A79,82856
Mecklenburg-Vorpommern,A60-A79,26507
Niedersachsen,A60-A79,109824
Nordrhein-Westfalen,A60-A79,246986
Rheinland-Pfalz,A60-A79,60076
Saarland,A60-A79,15900
Sachsen,A60-A79,56671
Sachsen-Anhalt,A60-A79,34685
Schleswig-Holstein,A60-A79,39255
Thüringen,A60-A79,33618
Baden-Württemberg,A60-A79,141603
Bayern,A60-A79,166436
Berlin,A60-A79,39535
Brandenburg,A60-A79,39628
Bremen,A60-A79,8229
Hamburg,A60-A79,18904
Hessen,A60-A79,79534
Mecklenburg-Vorpommern,A60-A79,26526
Niedersachsen,A60-A79,105092
Nordrhein-Westfalen,A60-A79,237176
Rheinland-Pfalz,A60-A79,57563
Saarland,A60-A79,15186
Sachsen,A60-A79,57410
Sachsen-Anhalt,A60-A79,35039
Schleswig-Holstein,A60-A79,36916
Thüringen,A60-A79,34216
Baden-Württemberg,A60-A79,133554
Bayern,A60-A79,156577
Berlin,A60-A79,38918
Brandenburg,A60-A79,39598
Bremen,A60-A79,7981
Hamburg,A60-A79,17805
Hessen,A60-A79,75858
Mecklenburg-Vorpommern,A60-A79,26779
Niedersachsen,A60-A79,100893
Nordrhein-Westfalen,A60-A79,226662
Rheinland-Pfalz,A60-A79,55367
Saarland,A60-A79,14396
Sachsen,A60-A79,59268
Sachsen-Anhalt,A60-A79,35819
Schleswig-Holstein,A60-A79,35895
Thüringen,A60-A79,34275
Baden-Württemberg,A60-A79,128316
Bayern,A60-A79,152060
Berlin,A60-A79,38164
Brandenburg,A60-A79,38841
Bremen,A60-A79,7738
Hamburg,A60-A79,17223
Hessen,A60-A79,73816
Mecklenburg-Vorpommern,A60-A79,26654
Niedersachsen,A60-A79,98558
Nordrhein-Westfalen,A60-A79,220826
Rheinland-Pfalz,A60-A79,54080
Saarland,A60-A79,14519
Sachsen,A60-A79,58648
Sachsen-Anhalt,A60-A79,34862
Schleswig-Holstein,A60-A79,35628
Thüringen,A60-A79,33610
Baden-Württemberg,A60-A79,122739
Bayern,A60-A79,145385
Berlin,A60-A79,37149
Brandenburg,A60-A79,38027
Bremen,A60-A79,7393
Hamburg,A60-A79,16350
Hessen,A60-A79,69939
Mecklenburg-Vorpommern,A60-A79,26074
Niedersachsen,A60-A79,94807
Nordrhein-Westfalen,A60-A79,208829
Rheinland-Pfalz,A60-A79,52397
Saarland,A60-A79,14123
Sachsen,A60-A79,58767
Sachsen-Anhalt,A60-A79,34940
Schleswig-Holstein,A60-A79,33990
Thüringen,A60-A79,33391
Baden-Württemberg,A60-A79,121825
Bayern,A60-A79,145315
Berlin,A60-A79,36371
Brandenburg,A60-A79,37007
Bremen,A60-A79,7320
Hamburg,A60-A79,16429
Hessen,A60-A79,70291
Mecklenburg-Vorpommern,A60-A79,25196
Niedersachsen,A60-A79,95257
Nordrhein-Westfalen,A60-A79,205369
Rheinland-Pfalz,A60-A79,51758
Saarland,A60-A79,13762
Sachsen,A60-A79,59553
Sachsen-Anhalt,A60-A79,34413
Schleswig-Holstein,A60-A79,33733
Thüringen,A60-A79,32974
Baden-Württemberg,A60-A79,117633
Bayern,A60-A79,139831
Berlin,A60-A79,36690
Brandenburg,A60-A79,35798
Bremen,A60-A79,7353
Hamburg,A60-A79,16031
Hessen,A60-A79,68694
Mecklenburg-Vorpommern,A60-A79,24241
Niedersachsen,A60-A79,93324
Nordrhein-Westfalen,A60-A79,197339
Rheinland-Pfalz,A60-A79,50438
Saarland,A60-A79,13222
Sachsen,A60-A79,60480
Sachsen-Anhalt,A60-A79,32768
Schleswig-Holstein,A60-A79,33705
Thüringen,A60-A79,32626
Baden-Württemberg,A60-A79,117550
Bayern,A60-A79,140667
Berlin,A60-A79,38033
Brandenburg,A60-A79,33395
Bremen,A60-A79,7323
Hamburg,A60-A79,16498
Hessen,A60-A79,70039
Mecklenburg-Vorpommern,A60-A79,22382
Niedersachsen,A60-A79,92997
Nordrhein-Westfalen,A60-A79,196010
Rheinland-Pfalz,A60-A79,50687
Saarland,A60-A79,13314
Sachsen,A60-A79,57763
Sachsen-Anhalt,A60-A79,32034
Schleswig-Holstein,A60-A79,33826
Thüringen,A60-A79,30796
Baden-Württemberg,A60-A79,114777
Bayern,A60-A79,136577
Berlin,A60-A79,35335
Brandenburg,A60-A79,28228
Bremen,A60-A79,7330
Hamburg,A60-A79,16388
Hessen,A60-A79,69176
Mecklenburg-Vorpommern,A60-A79,19266
Niedersachsen,A60-A79,91362
Nordrhein-Westfalen,A60-A79,194355
Rheinland-Pfalz,A60-A79,48615
Saarland,A60-A79,13582
Sachsen,A60-A79,50279
Sachsen-Anhalt,A60-A79,28272
Schleswig-Holstein,A60-A79,33428
Thüringen,A60-A79,27167
Baden-Württemberg,A60-A79,105073
Bayern,A60-A79,129252
Berlin,A60-A79,32191
Brandenburg,A60-A79,24187
Bremen,A60-A79,6762
Hamburg,A60-A79,15880
Hessen,A60-A79,64503
Mecklenburg-Vorpommern,A60-A79,16468
Niedersachsen,A60-A79,83954
Nordrhein-Westfalen,A60-A79,176215
Rheinland-Pfalz,A60-A79,41549
Saarland,A60-A79,11510
Sachsen,A60-A79,40096
Sachsen-Anhalt,A60-A79,23677
Schleswig-Holstein,A60-A79,32532
Thüringen,A60-A79,23342
Baden-Württemberg,A60-A79,97054
Bayern,A60-A79,125369
Berlin,A60-A79,30017
Brandenburg,A60-A79,22913
Bremen,A60-A79,6443
Hamburg,A60-A79,15216
Hessen,A60-A79,59993
Mecklenburg-Vorpommern,A60-A79,15198
Niedersachsen,A60-A79,76075
Nordrhein-Westfalen,A60-A79,161089
Rheinland-Pfalz,A60-A79,36558
Saarland,A60-A79,9351
Sachsen,A60-A79,39807
Sachsen-Anhalt,A60-A79,23031
Schleswig-Holstein,A60-A79,29875
Thüringen,A60-A79,22091
Baden-Württemberg,A60-A79,84070
Bayern,A60-A79,109521
Berlin,A60-A79,23193
Brandenburg,A60-A79,15329
Bremen,A60-A79,6266
Hamburg,A60-A79,13868
Hessen,A60-A79,50821
Mecklenburg-Vorpommern,A60-A79,10017
Niedersachsen,A60-A79,70052
Nordrhein-Westfalen,A60-A79,146064
Rheinland-Pfalz,A60-A79,32391
Saarland,A60-A79,7484
Sachsen,A60-A79,29615
Sachsen-Anhalt,A60-A79,18366
Schleswig-Holstein,A60-A79,27822
Thüringen,A60-A79,17965
Baden-Württemberg,A60-A79,71449
Bayern,A60-A79,87469
Berlin,A60-A79,25935
Brandenburg,A60-A79,18019
Bremen,A60-A79,4950
Hamburg,A60-A79,12369
Hessen,A60-A79,41948
Mecklenburg-Vorpommern,A60-A79,10650
Niedersachsen,A60-A79,54854
Nordrhein-Westfalen,A60-A79,121914
Rheinland-Pfalz,A60-A79,26849
Saarland,A60-A79,6847
Sachsen,A60-A79,34668
Sachsen-Anhalt,A60-A79,18531
Schleswig-Holstein,A60-A79,22709
Thüringen,A60-A79,16832
Baden-Württemberg,A60-A79,92366
Bayern,A60-A79,112496
Berlin,A60-A79,33755
Brandenburg,A60-A79,26634
Bremen,A60-A79,6113
Hamburg,A60-A79,15371
Hessen,A60-A79,55337
Mecklenburg-Vorpommern,A60-A79,15738
Niedersachsen,A60-A79,72774
Nordrhein-Westfalen,A60-A79,156292
Rheinland-Pfalz,A60-A79,34877
Saarland,A60-A79,9179
Sachsen,A60-A79,49972
Sachsen-Anhalt,A60-A79,25631
Schleswig-Holstein,A60-A79,29706
Thüringen,A60-A79,24196
Baden-Württemberg,A60-A79,92311
Bayern,A60-A79,111226
Berlin,A60-A79,35416
Brandenburg,A60-A79,28242
Bremen,A60-A79,6285
Hamburg,A60-A79,15363
Hessen,A60-A79,54163
Mecklenburg-Vorpommern,A60-A79,16932
Niedersachsen,A60-A79,74113
Nordrhein-Westfalen,A60-A79,154782
Rheinland-Pfalz,A60-A79,34414
Saarland,A60-A79,8803
Sachsen,A60-A79,48888
Sachsen-Anhalt,A60-A79,26138
Schleswig-Holstein,A60-A79,30429
Thüringen,A60-A79,24026
Baden-Württemberg,A60-A79,89849
Bayern,A60-A79,106508
Berlin,A60-A79,32797
Brandenburg,A60-A79,27036
Bremen,A60-A79,6161
Hamburg,A60-A79,14700
Hessen,A60-A79,50822
Mecklenburg-Vorpommern,A60-A79,16116
Niedersachsen,A60-A79,70871
Nordrhein-Westfalen,A60-A79,148316
Rheinland-Pfalz,A60-A79,33090
Saarland,A60-A79,8561
Sachsen,A60-A79,44723
Sachsen-Anhalt,A60-A79,25537
Schleswig-Holstein,A60-A79,28809
Thüringen,A60-A79,22170
Baden-Württemberg,A60-A79,106561
Bayern,A60-A79,127480
Berlin,A60-A79,37314
Brandenburg,A60-A79,32836
Bremen,A60-A79,6840
Hamburg,A60-A79,16561
Hessen,A60-A79,60278
Mecklenburg-Vorpommern,A60-A79,20136
Niedersachsen,A60-A79,84700
Nordrhein-Westfalen,A60-A79,174003
Rheinland-Pfalz,A60-A79,40481
Saarland,A60-A79,10801
Sachsen,A60-A79,54535
Sachsen-Anhalt,A60-A79,30440
Schleswig-Holstein,A60-A79,34235
Thüringen,A60-A79,27856
Baden-Württemberg,A60-A79,109371
Bayern,A60-A79,132859
Berlin,A60-A79,34902
Brandenburg,A60-A79,32203
Bremen,A60-A79,7001
Hamburg,A60-A79,16719
Hessen,A60-A79,63013
Mecklenburg-Vorpommern,A60-A79,19817
Niedersachsen,A60-A79,86249
Nordrhein-Westfalen,A60-A79,183295
Rheinland-Pfalz,A60-A79,42855
Saarland,A60-A79,10981
Sachsen,A60-A79,54845
Sachsen-Anhalt,A60-A79,30478
Schleswig-Holstein,A60-A79,33757
Thüringen,A60-A79,29259
Baden-Württemberg,A60-A79,105552
Bayern,A60-A79,127973
Berlin,A60-A79,31939
Brandenburg,A60-A79,30535
Bremen,A60-A79,6592
Hamburg,A60-A79,15533
Hessen,A60-A79,59992
Mecklenburg-Vorpommern,A60-A79,19653
Niedersachsen,A60-A79,82280
Nordrhein-Westfalen,A60-A79,175952
Rheinland-Pfalz,A60-A79,41074
Saarland,A60-A79,11018
Sachsen,A60-A79,52128
Sachsen-Anhalt,A60-A79,28643
Schleswig-Holstein,A60-A79,32541
Thüringen,A60-A79,27721
Baden-Württemberg,A80+,95364
Bayern,A80+,111851
Berlin,A80+,28853
Brandenburg,A80+,26972
Bremen,A80+,6185
Hamburg,A80+,14261
Hessen,A80+,53197
Mecklenburg-Vorpommern,A80+,17591
Niedersachsen,A80+,76039
Nordrhein-Westfalen,A80+,160851
Rheinland-Pfalz,A80+,37004
Saarland,A80+,9728
Sachsen,A80+,45782
Sachsen-Anhalt,A80+,24819
Schleswig-Holstein,A80+,29504
Thüringen,A80+,23229
Baden-Württemberg,A80+,85155
Bayern,A80+,98334
Berlin,A80+,26071
Brandenburg,A80+,24090
Bremen,A80+,5538
Hamburg,A80+,13020
Hessen,A80+,47804
Mecklenburg-Vorpommern,A80+,15335
Niedersachsen,A80+,67148
Nordrhein-Westfalen,A80+,145406
Rheinland-Pfalz,A80+,33356
Saarland,A80+,9503
Sachsen,A80+,40197
Sachsen-Anhalt,A80+,22179
Schleswig-Holstein,A80+,25986
Thüringen,A80+,20288
Baden-Württemberg,A80+,78639
Bayern,A80+,89001
Berlin,A80+,23680
Brandenburg,A80+,22299
Bremen,A80+,5121
Hamburg,A80+,11983
Hessen,A80+,43962
Mecklenburg-Vorpommern,A80+,14167
Niedersachsen,A80+,60502
Nordrhein-Westfalen,A80+,133231
Rheinland-Pfalz,A80+,30960
Saarland,A80+,8922
Sachsen,A80+,37631
Sachsen-Anhalt,A80+,20293
Schleswig-Holstein,A80+,23398
Thüringen,A80+,18768
Baden-Württemberg,A80+,70864
Bayern,A80+,79608
Berlin,A80+,21639
Brandenburg,A80+,20373
Bremen,A80+,4495
Hamburg,A80+,10918
Hessen,A80+,39403
Mecklenburg-Vorpommern,A80+,12981
Niedersachsen,A80+,54900
Nordrhein-Westfalen,A80+,121429
Rheinland-Pfalz,A80+,27827
Saarland,A80+,7621
Sachsen,A80+,35153
Sachsen-Anhalt,A80+,18556
Schleswig-Holstein,A80+,20860
Thüringen,A80+,16938
Baden-Württemberg,A80+,60026
Bayern,A80+,68769
Berlin,A80+,18928
Brandenburg,A80+,17373
Bremen,A80+,3895
Hamburg,A80+,8899
Hessen,A80+,34056
Mecklenburg-Vorpommern,A80+,11217
Niedersachsen,A80+,46761
Nordrhein-Westfalen,A80+,106302
Rheinland-Pfalz,A80+,23985
Saarland,A80+,6146
Sachsen,A80+,30310
Sachsen-Anhalt,A80+,15964
Schleswig-Holstein,A80+,17564
Thüringen,A80+,14640
Baden-Württemberg,A80+,46624
Bayern,A80+,53568
Berlin,A80+,12511
Brandenburg,A80+,12286
Bremen,A80+,2765
Hamburg,A80+,6474
Hessen,A80+,25205
Mecklenburg-Vorpommern,A80+,8317
Niedersachsen,A80+,33815
Nordrhein-Westfalen,A80+,77231
Rheinland-Pfalz,A80+,17973
Saarland,A80+,4957
Sachsen,A80+,21959
Sachsen-Anhalt,A80+,11627
Schleswig-Holstein,A80+,12077
Thüringen,A80+,10509
Baden-Württemberg,A80+,42080
Bayern,A80+,48807
Berlin,A80+,10782
Brandenburg,A80+,11140
Bremen,A80+,2498
Hamburg,A80+,5717
Hessen,A80+,22658
Mecklenburg-Vorpommern,A80+,7648
Niedersachsen,A80+,30884
Nordrhein-Westfalen,A80+,70442
Rheinland-Pfalz,A80+,16157
Saarland,A80+,4584
Sachsen,A80+,19332
Sachsen-Anhalt,A80+,10404
Schleswig-Holstein,A80+,10540
Thüringen,A80+,9631
Baden-Württemberg,A80+,38263
Bayern,A80+,43765
Berlin,A80+,9950
Brandenburg,A80+,9917
Bremen,A80+,2278
Hamburg,A80+,5353
Hessen,A80+,20761
Mecklenburg-Vorpommern,A80+,6686
Niedersachsen,A80+,28582
Nordrhein-Westfalen,A80+,64355
Rheinland-Pfalz,A80+,14953
Saarland,A80+,4184
Sachsen,A80+,18223
Sachsen-Anhalt,A80+,9452
Schleswig-Holstein,A80+,9892
Thüringen,A80+,8491
Baden-Württemberg,A80+,35287
Bayern,A80+,40131
Berlin,A80+,9383
Brandenburg,A80+,9123
Bremen,A80+,2144
Hamburg,A80+,5028
Hessen,A80+,19832
Mecklenburg-Vorpommern,A80+,5874
Niedersachsen,A80+,26746
Nordrhein-Westfalen,A80+,60855
Rheinland-Pfalz,A80+,13999
Saarland,A80+,3609
Sachsen,A80+,17455
Sachsen-Anhalt,A80+,8639
Schleswig-Holstein,A80+,8948
Thüringen,A80+,8049
Baden-Württemberg,A80+,29597
Bayern,A80+,33795
Berlin,A80+,8013
Brandenburg,A80+,7505
Bremen,A80+,1865
Hamburg,A80+,4432
Hessen,A80+,16703
Mecklenburg-Vorpommern,A80+,4813
Niedersachsen,A80+,22187
Nordrhein-Westfalen,A80+,50920
Rheinland-Pfalz,A80+,11821
Saarland,A80+,3105
Sachsen,A80+,14915
Sachsen-Anhalt,A80+,7164
Schleswig-Holstein,A80+,7648
Thüringen,A80+,6674
Baden-Württemberg,A80+,102132
Bayern,A80+,117007
Berlin,A80+,28717
Brandenburg,A80+,23402
Bremen,A80+,7059
Hamburg,A80+,16894
Hessen,A80+,60156
Mecklenburg-Vorpommern,A80+,14593
Niedersachsen,A80+,78738
Nordrhein-Westfalen,A80+,172471
Rheinland-Pfalz,A80+,41444
Saarland,A80+,10337
Sachsen,A80+,49236
Sachsen-Anhalt,A80+,22922
Schleswig-Holstein,A80+,28174
Thüringen,A80+,21661
